,New South Wales,Victoria,Queensland,South Australia, Western Australia,Tasmania,Northern Territory, Australian Capitol Territory,
Total Secondary Education,2353776,1914018,1597089,603922,801456,189509,70831,107776,
Total adult population,6602157,5334032,4191812,1478375,2154244,464930,183704,371559,
Percentage whos highest education is secondary school,35.65162113,35.88313681,38.10020583,40.85039317,37.20358511,40.76075968,38.55713539,29.00642967,
